{
  "results": [
    {
      "command": "go 1.24.5",
      "mean": 0.01757050666,
      "stddev": 0.003169974370857403,
      "median": 0.017762119,
      "user": 0.0286211,
      "system": 0.0019624600000000005,
      "min": 0.010576494500000002,
      "max": 0.024960077500000004,
      "times": [
        0.0230679945,
        0.0237682445,
        0.024960077500000004,
        0.0215311605,
        0.0208268695,
        0.021049077500000003,
        0.0203383275,
        0.0183841605,
        0.021689785500000003,
        0.0140533275,
        0.0187503685,
        0.0198699945,
        0.0176836195,
        0.013300160500000002,
        0.014439743500000001,
        0.017840618500000002,
        0.0185624115,
        0.0178418695,
        0.014181661500000001,
        0.016350160500000002,
        0.013118118500000001,
        0.010576494500000002,
        0.0124573275,
        0.0174564525,
        0.0129849525,
        0.0176557855,
        0.0195452445,
        0.018424535500000002,
        0.020175618500000003,
        0.0209081185,
        0.0185459945,
        0.0186779115,
        0.0187570775,
        0.0173648695,
        0.010753661500000001,
        0.0160639525,
        0.0176359105,
        0.0167047435,
        0.0184192445,
        0.012628286500000002,
        0.014673910500000002,
        0.0159113695,
        0.0168703275,
        0.0183235775,
        0.0163832025,
        0.0159207435,
        0.0202655365,
        0.0190585365,
        0.0162692855,
        0.0175049105
      ],
      "memory_usage_byte": [
        8994816,
        8994816,
        8994816,
        8994816,
        8994816,
        8994816,
        8994816,
        8994816,
        8994816,
        8994816,
        8994816,
        8994816,
        8994816,
        8994816,
        8994816,
        8994816,
        8994816,
        8994816,
        8994816,
        8994816,
        8994816,
        8994816,
        8994816,
        8994816,
        8994816,
        8994816,
        8994816,
        8994816,
        8994816,
        8994816,
        8994816,
        8994816,
        8994816,
        8994816,
        8994816,
        8994816,
        8994816,
        8994816,
        8994816,
        8994816,
        8994816,
        8994816,
        8994816,
        8994816,
        8994816,
        8994816,
        8994816,
        8994816,
        8994816,
        8994816
      ],
      "exit_codes": [
        0,
        0,
        0,
        0,
        0,
        0,
        0,
        0,
        0,
        0,
        0,
        0,
        0,
        0,
        0,
        0,
        0,
        0,
        0,
        0,
        0,
        0,
        0,
        0,
        0,
        0,
        0,
        0,
        0,
        0,
        0,
        0,
        0,
        0,
        0,
        0,
        0,
        0,
        0,
        0,
        0,
        0,
        0,
        0,
        0,
        0,
        0,
        0,
        0,
        0
      ]
    },
    {
      "command": "picasso 1.0.2",
      "mean": 0.06157066168,
      "stddev": 0.0031743269955410137,
      "median": 0.061569473500000006,
      "user": 0.05206209999999998,
      "system": 0.0014759199999999993,
      "min": 0.0503606185,
      "max": 0.0759977025,
      "times": [
        0.05659936950000001,
        0.0625681195,
        0.06463086950000001,
        0.0648374525,
        0.0609676185,
        0.061613702500000006,
        0.062480452500000006,
        0.06104749450000001,
        0.06069832750000001,
        0.0609037855,
        0.060914827500000004,
        0.060638619500000004,
        0.0593927445,
        0.0637919935,
        0.0599646615,
        0.0644173695,
        0.06161482750000001,
        0.0628614525,
        0.06407161850000001,
        0.0605239115,
        0.0630248275,
        0.0625905355,
        0.0631690775,
        0.0601652025,
        0.061655702500000006,
        0.059892702500000006,
        0.06336103550000001,
        0.06000857750000001,
        0.06159953650000001,
        0.0631799525,
        0.0619808275,
        0.0592284525,
        0.059362911500000004,
        0.0643869105,
        0.0503606185,
        0.06116157750000001,
        0.0615394105,
        0.0614394105,
        0.0616064115,
        0.0601937025,
        0.061034369500000005,
        0.0593573275,
        0.0586794105,
        0.0759977025,
        0.0623879945,
        0.0628525355,
        0.057065869500000005,
        0.0638363685,
        0.0610946195,
        0.061780285500000004
      ],
      "memory_usage_byte": [
        8994816,
        8994816,
        8994816,
        8994816,
        8994816,
        8994816,
        8994816,
        8994816,
        8994816,
        8994816,
        8994816,
        8994816,
        8994816,
        8994816,
        8994816,
        8994816,
        8994816,
        8994816,
        8994816,
        8994816,
        8994816,
        8994816,
        8994816,
        8994816,
        8994816,
        8994816,
        8994816,
        8994816,
        8994816,
        8994816,
        8994816,
        8994816,
        8994816,
        8994816,
        8994816,
        8994816,
        8994816,
        8994816,
        8994816,
        8994816,
        8994816,
        8994816,
        8994816,
        8994816,
        8994816,
        8994816,
        8994816,
        8994816,
        8994816,
        8994816
      ],
      "exit_codes": [
        0,
        0,
        0,
        0,
        0,
        0,
        0,
        0,
        0,
        0,
        0,
        0,
        0,
        0,
        0,
        0,
        0,
        0,
        0,
        0,
        0,
        0,
        0,
        0,
        0,
        0,
        0,
        0,
        0,
        0,
        0,
        0,
        0,
        0,
        0,
        0,
        0,
        0,
        0,
        0,
        0,
        0,
        0,
        0,
        0,
        0,
        0,
        0,
        0,
        0
      ]
    },
    {
      "command": "python 3.12.0",
      "mean": 9.550359802540004,
      "stddev": 0.11382206390958167,
      "median": 9.505770244,
      "user": 9.492413459999998,
      "system": 0.028230560000000002,
      "min": 9.3881670775,
      "max": 9.855800035500001,
      "times": [
        9.440939702500001,
        9.412204910500002,
        9.3881670775,
        9.435210494500001,
        9.4137714945,
        9.4622775355,
        9.4554675355,
        9.441958661500001,
        9.4661964945,
        9.4128704525,
        9.4798316195,
        9.4851113275,
        9.462574744500001,
        9.4809658275,
        9.438495702500001,
        9.510609868500001,
        9.474662202500001,
        9.4911031195,
        9.480525077500001,
        9.4779896615,
        9.552476952500001,
        9.4646384945,
        9.494452368500001,
        9.4865706195,
        9.5009306195,
        9.543058036500002,
        9.4811508685,
        9.517030077500001,
        9.5325679525,
        9.4964369105,
        9.5825903695,
        9.6690686195,
        9.855800035500001,
        9.8169103685,
        9.8180874935,
        9.6353048275,
        9.6195175775,
        9.569463910500001,
        9.739837660500001,
        9.642338244500001,
        9.6236197865,
        9.6010169945,
        9.5820680355,
        9.673257661500001,
        9.6319039525,
        9.6721707025,
        9.608183202500001,
        9.5804288275,
        9.6745244105,
        9.7416510365
      ],