command,mean,stddev,median,user,system,min,max
go 1.24.5,0.01757050666,0.003169974370857403,0.017762119,0.0286211,0.0019624600000000005,0.010576494500000002,0.024960077500000004
picasso 1.0.2,0.06157066168,0.0031743269955410137,0.061569473500000006,0.05206209999999998,0.0014759199999999993,0.0503606185,0.0759977025
python 3.12.0,9.550359802540004,0.11382206390958167,9.505770244,9.492413459999998,0.028230560000000002,9.3881670775,9.855800035500001
