{
  "results": [
    {
      "command": "picasso 1.0.2",
      "mean": 0.10092769482,
      "stddev": 0.0055812473716763365,
      "median": 0.10217778660000001,
      "user": 0.01282756,
      "system": 0.00631244,
      "min": 0.0870064946,
      "max": 0.1115894946,
      "times": [
        0.1014906616,
        0.1002863276,
        0.1049892036,
        0.0968997036,
        0.09692220260000001,
        0.0928053696,
        0.1025613276,
        0.1013192446,
        0.0963836616,
        0.1017196196,
        0.1030982446,
        0.10716757860000001,
        0.1028423696,
        0.1081908696,
        0.1086384946,
        0.1004882866,
        0.1002731196,
        0.1036270366,
        0.1115894946,
        0.1032055776,
        0.1031541616,
        0.1043796616,
        0.1031621206,
        0.1023184116,
        0.10405261960000001,
        0.10402999460000001,
        0.1065354536,
        0.1036030366,
        0.1018222866,
        0.1032149536,
        0.09687336960000001,
        0.0870609526,
        0.09753578660000001,
        0.1034287456,
        0.10203716160000001,
        0.0971745366,
        0.0870218696,
        0.0870064946,
        0.1000454536,
        0.1044295786,
        0.1020305366,
        0.1007837026,
        0.10548491160000001,
        0.1085682456,
        0.08924632860000001,
        0.0974946196,
        0.0913398696,
        0.0979127866,
        0.1032359946,
        0.1069027026
      ],
      "memory_usage_byte": [
        2670592,
        2670592,
        2899968,
        2899968,
        2899968,
        2899968,
        2899968,
        2899968,
        2899968,
        2899968,
        2899968,
        2899968,
        2899968,
        2899968,
        2899968,
        2899968,
        2899968,
        2899968,
        2899968,
        2899968,
        2899968,
        2899968,
        2899968,
        2899968,
        2899968,
        2899968,
        2899968,
        2899968,
        2899968,
        2899968,
        2899968,
        2899968,
        2899968,
        2899968,
        2899968,
        2899968,
        2899968,
        2899968,
        2899968,
        2899968,
        2899968,
        2899968,
        2899968,
        2899968,
        2899968,
        2899968,
        2899968,
        2899968,
        2899968,
        2899968
      ],
      "exit_codes": [
        0,
        0,
        0,
        0,
        0,
        0,
        0,
        0,
        0,
        0,
        0,
        0,
        0,
        0,
        0,
        0,
        0,
        0,
        0,
        0,
        0,
        0,
        0,
        0,
        0,
        0,
        0,
        0,
        0,
        0,
        0,
        0,
        0,
        0,
        0,
        0,
        0,
        0,
        0,
        0,
        0,
        0,
        0,
        0,
        0,
        0,
        0,
        0,
        0,
        0
      ]
    },
    {
      "command": "go 1.24.5",
      "mean": 0.07834594835999999,
      "stddev": 0.005530150370353711,
      "median": 0.0776075576,
      "user": 0.6952458999999999,
      "system": 0.00533682,
      "min": 0.0710855366,
      "max": 0.0937625366,
      "times": [
        0.0738842866,
        0.0777432446,
        0.0824293706,
        0.0775613286,
        0.0735837866,
        0.0731209956,
        0.0742693286,
        0.0729537036,
        0.0813731206,
        0.0747785366,
        0.0741287866,
        0.0801337036,
        0.0763122036,
        0.0712044116,
        0.0805283286,
        0.0855142866,
        0.08116674460000001,
        0.07217524560000001,
        0.0932562866,
        0.0937625366,
        0.0776887866,
        0.0772790786,
        0.0834203696,
        0.0787611616,
        0.08868716160000001,
        0.0800787446,
        0.0776537866,
        0.0810463696,
        0.0800760786,
        0.0799492026,
        0.0792592866,
        0.0766032036,
        0.0715400366,
        0.0735801206,
        0.0795622866,
        0.0710855366,
        0.0931272866,
        0.0768864536,
        0.0732929116,
        0.0735240366,
        0.0742595776,
        0.0740350786,
        0.0743395786,
        0.0795721616,
        0.0736867036,
        0.0870085776,
        0.0775021616,
        0.0760279116,
        0.0780814956,
        0.0798020366
      ],
      "memory_usage_byte": [
        8175616,
        8175616,
        8175616,
        8175616,
        8175616,
        8175616,
        8175616,
        8175616,
        8175616,
        8175616,
        8224768,
        8224768,
        8224768,
        8224768,
        8224768,
        8224768,
        8224768,
        8224768,
        8224768,
        8224768,
        8224768,
        8224768,
        8224768,
        8224768,
        8224768,
        8224768,
        8224768,
        8224768,
        8224768,
        8224768,
        8224768,
        8224768,
        8224768,
        8224768,
        8224768,
        8224768,
        8224768,
        8224768,
        8224768,
        8224768,
        8224768,
        8224768,
        8224768,
        8224768,
        8224768,
        8224768,
        8224768,
        8224768,
        8224768,
        8224768
      ],
      "exit_codes": [
        0,
        0,
        0,
        0,
        0,
        0,
        0,
        0,
        0,
        0,
        0,
        0,
        0,
        0,
        0,
        0,
        0,
        0,
        0,
        0,
        0,
        0,
        0,
        0,
        0,
        0,
        0,
        0,
        0,
        0,
        0,
        0,
        0,
        0,
        0,
        0,
        0,
        0,
        0,
        0,
        0,
        0,
        0,
        0,
        0,
        0,
        0,
        0,
        0,
        0
      ]
    }
  ]
}
