{
  "results": [
    {
      "command": "go 1.24.5",
      "mean": 0.011939907539999994,
      "stddev": 0.0021332204589257237,
      "median": 0.012551157519999998,
      "user": 0.028657419999999996,
      "system": 0.0012291399999999999,
      "min": 0.007574178019999997,
      "max": 0.015386761019999999,
      "times": [
        0.007681720019999996,
        0.007927637019999998,
        0.007574178019999997,
        0.008335345019999997,
        0.007630720019999997,
        0.008898470019999999,
        0.007699720019999997,
        0.010736178019999999,
        0.013078553019999996,
        0.013422095019999998,
        0.014912679019999998,
        0.009615762019999996,
        0.012661095019999997,
        0.011895095019999998,
        0.012005428019999998,
        0.012304928019999996,
        0.013730012019999996,
        0.012172720019999998,
        0.012980636019999997,
        0.012839387019999997,
        0.015315761019999997,
        0.013211929019999997,
        0.014814887019999999,
        0.010910095019999998,
        0.009782095019999998,
        0.011075137019999999,
        0.011934303019999997,
        0.010935678019999997,
        0.015386761019999999,
        0.014037304019999997,
        0.014739845019999998,
        0.013913303019999998,
        0.009658887019999998,
        0.012157304019999997,
        0.011964428019999999,
        0.012950178019999996,
        0.013434845019999997,
        0.012566136019999999,
        0.010183637019999999,
        0.010352512019999998,
        0.011476095019999999,
        0.013358429019999998,
        0.013037054019999996,
        0.013721553019999997,
        0.012867303019999997,
        0.012900595019999997,
        0.014006179019999997,
        0.012536179019999998,
        0.012706386019999997,
        0.012958220019999996
      ],
      "memory_usage_byte": [
        8896512,
        8896512,
        8896512,
        8896512,
        8896512,
        8896512,
        8896512,
        8896512,
        8896512,
        8896512,
        8896512,
        8896512,
        8896512,
        8896512,
        8896512,
        8896512,
        8896512,
        8896512,
        8896512,
        8896512,
        8896512,
        8896512,
        8896512,
        8896512,
        8896512,
        8896512,
        8896512,
        8896512,
        8896512,
        8896512,
        8896512,
        8896512,
        8896512,
        8896512,
        8896512,
        8896512,
        8896512,
        8896512,
        8896512,
        8896512,
        8896512,
        8896512,
        8896512,
        8896512,
        8896512,
        8896512,
        8896512,
        8896512,
        8896512,
        8896512
      ],
      "exit_codes": [
        0,
        0,
        0,
        0,
        0,
        0,
        0,
        0,
        0,
        0,
        0,
        0,
        0,
        0,
        0,
        0,
        0,
        0,
        0,
        0,
        0,
        0,
        0,
        0,
        0,
        0,
        0,
        0,
        0,
        0,
        0,
        0,
        0,
        0,
        0,
        0,
        0,
        0,
        0,
        0,
        0,
        0,
        0,
        0,
        0,
        0,
        0,
        0,
        0,
        0
      ]
    },
    {
      "command": "picasso 1.0.2",
      "mean": 0.05827611999999999,
      "stddev": 0.0026441621652350884,
      "median": 0.05791349102,
      "user": 0.05006689999999999,
      "system": 0.0009144200000000001,
      "min": 0.05260747002,
      "max": 0.06610238702,
      "times": [
        0.06213492802,
        0.05260747002,
        0.05763880402,
        0.061006886020000005,
        0.05885567902,
        0.052907262020000005,
        0.05907488702,
        0.059737345020000006,
        0.05392913702,
        0.061165136020000004,
        0.05739676102,
        0.05766888602,
        0.05914409502,
        0.05694230302000001,
        0.05559992802,
        0.06610238702,
        0.05432588702,
        0.05668326202000001,
        0.06490251202,
        0.05887867802,
        0.060838303020000005,
        0.05955938602,
        0.057710970019999995,
        0.05715897002,
        0.057694886019999995,
        0.05876947002,
        0.06095192902,
        0.056557386019999996,
        0.05712363702,
        0.05726580302,
        0.05664459502,
        0.05625467802,
        0.05911434502000001,
        0.055970095020000006,
        0.05811601202,
        0.05707301202,
        0.058423512020000005,
        0.06022438702,
        0.05769480402,
        0.057024304020000006,
        0.05660584502,
        0.05590047002,
        0.05995463702,
        0.059454470020000004,
        0.06292838601999999,
        0.054969095020000004,
        0.05869480302,
        0.058814095020000005,
        0.05914505302,
        0.06046642802
      ],
      "memory_usage_byte": [
        8896512,
        8896512,
        8896512,
        8896512,
        8896512,
        8896512,
        8896512,
        8896512,
        8896512,
        8896512,
        8896512,
        8896512,
        8896512,
        8896512,
        8896512,
        8896512,
        8896512,
        8896512,
        8896512,
        8896512,
        8896512,
        8896512,
        8896512,
        8896512,
        8896512,
        8896512,
        8896512,
        8896512,
        8896512,
        8896512,
        8896512,
        8896512,
        8896512,
        8896512,
        8896512,
        8896512,
        8896512,
        8896512,
        8896512,
        8896512,
        8896512,
        8896512,
        8896512,
        8896512,
        8896512,
        8896512,
        8896512,
        8896512,
        8896512,
        8896512
      ],
      "exit_codes": [
        0,
        0,
        0,
        0,
        0,
        0,
        0,
        0,
        0,
        0,
        0,
        0,
        0,
        0,
        0,
        0,
        0,
        0,
        0,
        0,
        0,
        0,
        0,
        0,
        0,
        0,
        0,
        0,
        0,
        0,
        0,
        0,
        0,
        0,
        0,
        0,
        0,
        0,
        0,
        0,
        0,
        0,
        0,
        0,
        0,
        0,
        0,
        0,
        0,
        0
      ]
    }
  ]
}
