command,mean,stddev,median,user,system,min,max
picasso 1.0.2,0.10092769482,0.0055812473716763365,0.10217778660000001,0.01282756,0.00631244,0.0870064946,0.1115894946
go 1.24.5,0.07834594835999999,0.005530150370353711,0.0776075576,0.6952458999999999,0.00533682,0.0710855366,0.0937625366
