command,mean,stddev,median,user,system,min,max
Picasso 1.0.2 (no-opt),0.20830288833999994,0.005379047235654074,0.20799584468,0.12238573999999999,0.0035302999999999997,0.19726734418000003,0.22523430218
Go 1.24.5 (gc),0.012373219220000002,0.002842304691339522,0.012569594180000001,0.04718548,0.0018659599999999985,0.00674655218,0.01653705218
Java 17 (HotSpot JIT),0.32301158756,0.14122605094619353,0.30433528168,2.1805213999999995,0.07201736000000002,0.14463934418000002,0.61224513618
Rust 1.94 (Release/LTO),0.00963718998,0.0032412033816203493,0.009738115180000001,0.017423579999999998,0.0028554399999999995,0.0043344281800000006,0.01649880218
C (GCC -O3),0.02393645420000001,0.0031803461693377093,0.024239198680000004,0.013839199999999998,0.0006195399999999992,0.01578459418,0.028780427180000005
C++ (G++ -O3),0.010770175,0.0030269899495657913,0.010998948180000002,0.019750439999999994,0.0017802399999999993,0.005043094180000001,0.01625280218
Python 3.12 (CPython),0.27850397001999994,0.015361327487424657,0.27590771867999997,1.8229936999999996,0.29104929999999996,0.26016746918,0.33902409418
Node.js 24.1 (V8 JIT),0.07653310090000001,0.006559192188566912,0.07590490668000001,0.3344061200000001,0.04619746,0.06176292718,0.10689230218000001
