command,mean,stddev,median,user,system,min,max
go 1.24.5,0.011939907539999994,0.0021332204589257237,0.012551157519999998,0.028657419999999996,0.0012291399999999999,0.007574178019999997,0.015386761019999999
picasso 1.0.2,0.05827611999999999,0.0026441621652350884,0.05791349102,0.05006689999999999,0.0009144200000000001,0.05260747002,0.06610238702
